Dataset,baseline,root_sift,superpoint
00,6.82983,5.8663,7.04067
01,33.32903,33.85867,36.62253
02,13.97623,9.47974,21.05188
03,10.16642,10.16978,10.06014
04,3.09135,3.0576,2.87271
05,3.81484,3.77687,4.9547
06,6.53758,5.14239,5.11673
07,1.84418,1.82355,1.8655
08,10.809,11.23635,10.75959
09,8.53888,8.70237,8.31166
10,4.13901,4.37849,4.27905

Average,9.37058,8.86292,10.26683
Std Dev,8.62548,8.62145,12.23529

Best (Average) Preset,root_sift
Best (Average) Metric,8.86292
