Dataset,baseline,root_sift,superpoint
00,0.0,0.038,0.012
01,0.0,0.0,0.0
02,0.012,0.004,0.004
03,0.0,0.0,0.0
04,0.0,0.0,0.0
05,0.0,0.0,0.028
06,0.108,0.018,0.0
07,0.0,0.0,0.0
08,0.0,0.0,0.0
09,0.0,0.0,0.0
10,0.0,0.0,0.0

Average,0.01091,0.00545,0.004
Std Dev,0.07244,0.02373,0.0196

Best (Average) Preset,superpoint
Best (Average) Metric,0.004
