Dataset,baseline,root_sift,superpoint
00,3.947,3.24849,3.93432
01,21.60014,21.86468,23.37292
02,6.1194,5.6707,10.14455
03,5.96451,5.92601,5.88895
04,1.74556,1.76121,1.65506
05,2.13915,2.11047,2.52263
06,2.74011,2.73981,2.6784
07,1.12358,1.12823,1.09496
08,3.99078,4.13702,4.14543
09,4.26068,4.35988,4.06244
10,2.22097,2.25127,2.27694

Average,5.07744,5.01798,5.61605
Std Dev,5.47265,5.63609,6.77

Best (Average) Preset,root_sift
Best (Average) Metric,5.01798
