Dataset,baseline,root_sift,superpoint
V101,0.08819,0.08816,0.08834
V102,0.06852,0.06609,0.06694
V201,0.07062,0.06409,0.09735
V202,0.62539,0.56925,0.53736
MH01,0.03775,0.03781,0.04172
MH02,0.04217,0.0456,0.04177
MH03,0.0512,0.04905,0.04882
MH04,0.0702,0.05907,0.0646
MH05,0.08177,0.06607,0.07131

Average,0.1262,0.11613,0.11758
Std Dev,0.19831,0.17517,0.15435

Best (Average) Preset,root_sift
Best (Average) Metric,0.11613
