Dataset,baseline,root_sift,superpoint
V101,0.0,0.0,0.0
V102,0.0,0.0,0.0
V201,0.04,0.04,0.04
V202,0.146,0.138,0.112
MH01,0.05,0.074,0.08
MH02,0.018,0.026,0.012
MH03,0.046,0.03,0.032
MH04,0.0,0.01,0.0
MH05,0.07,0.016,0.034

Average,0.04111,0.03711,0.03444
Std Dev,0.05351,0.04829,0.04435

Best (Average) Preset,superpoint
Best (Average) Metric,0.03444
