Dataset,baseline,root_sift,superpoint
V101,0.16335,0.163,0.16208
V102,0.14545,0.12379,0.13136
V201,0.15864,0.18921,0.22163
V202,2.06607,2.52628,1.97847
MH01,0.09141,0.10259,0.21303
MH02,0.11922,0.1318,0.11196
MH03,0.19995,0.17533,0.14082
MH04,0.32021,0.27938,0.26722
MH05,0.24828,0.17474,0.18991

Average,0.39029,0.42957,0.37961
Std Dev,0.67128,0.75543,0.6093

Best (Average) Preset,superpoint
Best (Average) Metric,0.37961
